view_count;likes;ratio
;;
8036001;324742;96.91
;;
9378067;562589;98.19
;;
2182066;273650;99.38
;;
6525864;94698;96.25
;;
9481284;582481;97.22
;;
1853121;89903;97.46
;;
2875684;183163;94.52
;;
483827;4864;91.53
;;
1677046;103227;97.52
;;
289756;2387;92.95
;;
2561907;237728;98.8
;;
468390;25346;98.34
;;
18977153;768968;98.73
;;
365731;5997;93.29
;;
680701;41543;97.99
;;
5748289;225966;99.17
;;
3575950;374937;97.69
;;
865788;31806;98.3
;;
5433739;389145;98.84
;;
3643458;369667;97.88
;;
247602;1516;89.18
;;
300443;25429;99.49
;;
313500;56891;98.35
;;
3525217;92948;95.29
;;
195072;23832;98.97
;;
142697;20708;98.91
;;
456783;2625;94.53
;;
601565;38792;98.34
;;
6021472;342044;97.54
;;
940583;14292;97.7
;;
446569;7557;97.15
;;
767900;11091;97.14
;;
5895810;98088;95.87
;;
381910;45178;99.21
;;
2468645;188315;98.73
;;
407859;19407;98.77
;;
846399;29308;95.93
;;
872092;27298;94.85
;;
1279718;98471;99.06
;;
1068377;92634;98.89
;;
4691951;164807;98.93
;;
1091006;55346;98.53
;;
891230;30612;88.39
;;
720734;35647;98.11
